sire,section,line,country,f_sire,f_dam,f_damsire,baba_pos,dirt_pos,distance_pos,catchphrase,aim,comment
アグネスタキオン,海外の種牡馬,サンデーサイレンス系,千歳産,サンデーサイレンスUSA,アグネスフローラ,ロイヤルスキーUSA,,,,,25年はドンインザムードがレパードS、ワイドラトゥールが愛知杯を勝利。芝ダートは拮抗。距離は芝がワイドラトゥール得意の1400m、2000m。ただし2000mは2着が1着の3倍と勝ち切れない。ダートは1600、1700m。配合相手は芝はモーリス、エピファネイア、ダートはホッコータルマエ。騎手は横山武、三浦皇成。厩舎は今野、萩原。,
アロゲート,,ミスタープロスペクター系,米国産,Unbridled's Song,Bubbler,Distorted Humor,,,,,デビュー2戦目の初勝利から破竹の7連勝でBCクラシック、ペガサスWC、ドバイワールドCに勝利。1年足らずで米国賞金王に。産駒は勝つときは派手な人気先行タイプが多く、馬券は狙いづらい。芝もこなすが、ダートマイルから1800mが基本。25年日本ではミスティックロアが久々復帰も故障で引退。アッシュバニバルは3連勝でOP入りもそこが壁。産駒重賞勝ちも遠い。,
アースライト,,ノーザンダンサー系,愛国産,Shamardal,Winters Moon,New Approach,,,,,2歳6月に仏国でデビューし、仏国のモルニ賞、2歳コースレコード決着となった英国ミドルパークS含め2歳時は5戦5勝。3歳シーズンは7月の準重賞から始動しデビューからの連勝を6としたが、古馬を相手にしたモーリスドゲスト賞で初の敗戦を喫す。パンデミックの影響などもあって不運な現役生活だったが、仕上がりの早いマイラー血統。日本に向きそうな血統構成。,
アーミーミュール,,エーピーインディ系,米国産,Friesan Fire,Crafty Toast,Crafty Prospector,,,,,2歳トレーニングセールの高額取引馬。3歳4月のデビュー戦、スタートは今一つも、持ち前のスピードで8馬身差の圧勝。長期休養後2戦目4歳1月のレースも圧勝。重賞初挑戦のカーターHでは好位追走から直線入口で先頭、後続を突き放した。爆発的なスピードの持ち主だが、揉まれたときには一抹の不安が残る父系。日本ではジェネラーレがダートスプリント3勝クラスで奮闘。,
イフラージ,,ミスタープロスペクター系,英国産,Zafonic,Pastorale,Nureyev,,,,,G23勝、シュライC2着とマイラーとしてはBの上程度だったが、産駒デビューの2010年に37頭の2歳戦勝ち馬を出し、欧州繋養の新種牡馬最多記録を更新。仕上がり早の芝のスプリント〜マイラー血統。2026年に25歳と長老に。中央現役は「チームゴドルフィン」関連3頭。アンバドゥが休みを挟みつつ4戦3勝。芝マイルOPまで行けそうな器。芝寄りでスプリントからマイルあたりが守備範囲。,
ウォーフロント,,ダンジグ系,米国,Danzig,Starry Dreamer,Rubiano,2,3,3,,,順調に使い込めず、初勝利は3歳8月。G1タイトルを持たぬまま引退となったが、産駒の活躍で種牡馬としての地位を確立。ダート短距離が主戦場も、距離に融通性のあるダンジグ系。配合によっては中距離もこなし、芝コースにも対応する。ワールドスコライのダート型とプロトポロスのような芝の万能型がいる。距離は1200〜1400m。日本にもこの系統が次々と導入されて成功。
ウートンバセット,,ミスタープロスペクター系,英国,Iffraaj,Balladonia,Primo Dominie,2,2,3,,,2歳時英仏で5戦5勝の成績で仏2歳王者も、3歳時不振で仏国でも種牡馬に。年度種付料はわずか6000ユーロで種付頭数に恵まれず。だが初年度産駒アルマンソルが仏ダービーに勝ち一躍人気に。その後クールモアへ移籍。毎年世界のG1戦線活躍馬を出すか、シャトル先の豪州で急性肺炎のため「絶頂期」での急逝。早期から3歳まで芝マイル〜中長距離に対応。日本では8頭デビュー1勝と苦戦。
エッセンシャルクオリティ,,エーピーインディ系,米国産,Tapit,Delightful Quality,Elusive Quality,,,,,近税にコントレイルがいる米国2歳、3歳牡馬チャンピオン。BCジュヴェナイル、ベルモントS、トラヴァーズSなど王道路線を勝ち進み、負けたのは大外枠に泣かされたケンタッキーダービー3着と引退レースBCクラシック3着のみ。産駒にも豊富なスタミナを伝えてくれるはず。26年3歳2頭中ロードヴェリタスがデビューもややスピード負けの感。使いつつ良くなるタイプか。,
エンパイアメーカー,母の父としての種牡馬 (broodmare-sire feature; stat strip = 出走頭数/勝馬頭数/重賞勝利/EI),ミスタープロスペクター系,米国産,Unbridled,Toussaud,El Gran Senor,,,,,中山競馬場は複勝率35%,25年はトロヴァートレがダービー卿CTを勝利。勝率が上昇。ダートは安定する。距離は芝1200、1600m。ダート1800mも芝ダとも主要距離で好結果。配合相手は芝がキズナ、母にもキズナ、ダはトロヴァートレのレイデオロ、サートゥルナーリア。ダートはクリソベリル、マジェスティックウォリアー。騎手は松山、岩田望。
オーセンティック,,ストームキャット系,米国産,Into Mischief,Flawless,Mr. Greeley,,,,,9月にコロナ無観客ケンタッキーダービーに勝ち、同年BCクラシックは逃げ切り。史上4頭目の同一年両レース制覇。プリークネスSでは牝馬のスイススカイダイバーと一騎打ちに持ち込みながらクビ差敗戦。スピード豊かで仕上がり早。距離の融通性も高そう。産駒2世代目から2歳G1勝ち馬を出す。26年もシヴァージの半弟ウェストウッドがG2に勝つなど好調ぶりは持続。,
カンタロス,,ストームキャット系,米国産,Lion Heart,Contessa Halo,サザンヘーロー USA,2,1,2,,,1歳時に8万ドル、2歳トレーニングセールにおいて25万ドルで転売された。初出走は3歳5月になったもののデビュー戦で逃げ切り、わずか3戦の現役生活ながら重賞2勝。種牡馬として活躍。レーガがダートでセントラルパークマイルで活躍。
カーリン,,ミスタープロスペクター系,米国産,Smart Strike,Sherriff's Deputy,Deputy Minister,,,,,初年度からパレスマリス(日本輸入種牡馬)を出し、25年はジャーナリズムがプリークネスS、ハスキルSなど米3歳戦線で活躍。日本もダート専門。距離は1600〜1800mとやや長めで広いコースに向く。大将格のビヨンドザファザーは大井移籍でエリカヴェネチアが2勝クラスの中距離で奮闘。26年3歳馬2頭に期待がかかる。配合相手はノーザンダンサー系が好相性。,
ガイヤース,,ミスタープロスペクター系,愛国産,Dubawi,Nighttime,Galileo,,,,,5歳時にインターナショナルS、エクリプスS、コロネーションCとG1を3連勝したスピードとスタミナを兼備するA級馬。25年〜26年初頭と初年度、2世代目で北南半球でG1馬を出し、「ドバウィ後継」として好スタートを切る。日本では26年3歳ザーフィルが2歳新馬勝ち。この1頭では比較困難も芝の中距離が主戦場となりそう。決して仕上がり早ではないが能力だけで押し切るタイプ。,
ガンランナー,,ミスタープロスペクター系,米国産,Candy Ride,Quiet Giant,Giant's Causeway,,,,,先行力を武器に4歳は6戦5勝。BCクラシックでアロゲートを退けた。翌年ペガサスワールドCは2番手から早め先頭で有終の美を飾る。25年は米国2歳G1勝ち馬2頭などを出し、勢いは止まらない。日本では26年3歳世代にフィンガー(ブルーバードC)、新馬勝ちアメリカンスタイル、ジャスティンダラスなど駒が揃う。ダ1600〜1800mがベスト。広いコースに向き、小回りはイマイチ。,
キャンディライド,,ミスタープロスペクター系,亜国産,Ride the Rails,Candy Girl,Candy Stripes,,,,,南米アルゼンチンの伝説的な名馬。北米移籍後も圧倒的なスピードを発揮して活躍、種牡馬として米国賞金王となったガンランナーを出す。一本調子のスピードを伝えるパワー型。芝適性もあるが、瞬発力に欠くので洋芝や湿ったダートをよく得意とする。晩成型というよりもレースに慣れするのに時間がかかる産駒が多い。日本では道営所属キャンディドライヴが25年盛岡クラスターCで2着。,
キングカメハメハ,母の父としての種牡馬 (broodmare-sire feature; stat strip = 出走頭数/勝馬頭数/重賞勝利/EI),キングマンボ系,早来産,Kingmambo,マンファスIRE,ラストタイクーンIRE,,,,,中山ダ単勝回収率205%,25年は芝でG1未勝利。重賞3勝とやや勢いを欠いた。25年も22〜24年同様芝とダートは拮抗。距離は芝も全方位型ながら、中山芝1200mと、前回好調型の中京ダ1200mが25年は不得手に。馬主はキタサンブラック、フィエールマン、ロジャーバローズ。ダートはキズナ。騎手は川田、岩田父子、厩舎は上村、田中博。
キングマン,,ダンジグ系,英国産,Invincible Spirit,Zenda,Zamindar,1,1,2,,,他馬がまるで見えるほどのいわゆる太鼓判的ゲート出てから前にどんどん前へとスピードを発揮し、安田記念覇者をのみこむ。世界に伝えている。日本では25年はイングランドアイズ（小倉記念）などごくわずかな勝ち。25年も短距離シフト、欧州でもブレイク。配合相手はサンデー系、ミスプロ系と好相性。
クオリティロード,,ミスタープロスペクター系,米国,Elusive Quality,Kobla,Strawberry Road,3,1,3,,,怪我でケンタッキーダービーを回避した「幻のダービー馬」とも言われ、4つのG1タイトルを持つA級馬で米国人気種牡馬。仕上がりの早さとスピードを伝える。25年は再び米国G1勝ち馬を送り出す。自分の競馬ができれば強いタイプで、25年も日本ではダートで3勝、うち2勝は牝馬で、距離はマイル以下へやや短めにシフト。1番人気で4勝3勝と安定感があるものの、まだ2勝の壁は厚い。
クロフネ,母の父としての種牡馬 (broodmare-sire feature; stat strip = 出走頭数/勝馬頭数/重賞勝利/EI),デピュティミニスター系,米国産,フレンチデピュティUSA,ブルーアヴェニューUSA,Classic Go Go,,,,,ダ1200m単複回収率120%超,自身もフィリーサイアーらしく代表産駒も牝馬が多く、25年はエンブロイダリーが桜花賞、秋華賞勝ち。晩生の血統も継承、ガイアフォースもマイルG1を2着と年を重ね成長。25年は芝がダートに追いつき拮抗した成績がより顕著に。距離は芝が1200と2000m、ダートが1900m特注。配合相手は前掲2頭のうち芝はオルフェーヴル、ダートはルヴァンスレーヴ。
グッドマジック,,ミスタープロスペクター系,米国産,Curlin,Glinda the Good,ハードスパンUSA,,,,,初年度産駒と2年目産駒からクラシック勝ち馬を輩出。カーリン系らしい仕上がりの早さと強さを伝える。自身は2017年全米2歳牡馬チャンピオン。未勝利で挑んだBCジュヴェナイルを圧勝。ケンタッキーダービーは三冠馬ジャスティファイの2着。中央では26年3歳世代5頭も人気のわりに今ひとつ突き抜けない。コスモジンバックのように古馬で徐々に力を付けるイメージか。ダ中距離向き。,
グレンイーグルス,,サドラーズウェルズ系,愛国産,Galileo,You'resothrilling,Storm Cat,,,,,25年はカランダガンが芝現役最強馬の一頭としてその名を世界に轟かせた。自身は3歳時史上8頭目の英愛2000ギニー制覇含めマイルG1を3連勝。日本ではショックアクションの仕上がり早の早期完成型のイメージだが、エメラルドビーチのようにダート短距離の晩成型も出す。25年ジャパンCでのあの快走を見れば、芝本格派の輸入産駒登場を待たずにはいられない。,
グローバルキャンペーン,,ミスタープロスペクター系,米国産,Curlin,Globe Trot,A.P. Indy,,,,,早くから期待されていた良血馬だが、3歳クラシックには不参加でケンタッキーダービーと同時期に行われるピーターパンSで重賞初勝利。デビュー9戦目、G1初挑戦のウッドワードHを逃げ切ってG1ウイナーの仲間入りを果たす。半兄Bolt d'Oroの産駒にフロムダスクがいるものの、こちらはダート向き、距離の融通は利くはずだが、やや一本調子の面があるかもしれない。,
コザン,,フォーティナイナー系,米国産,Distorted Humor,Delta Princess,A.P. Indy,2,1,2,,,半姉に米名牝ロイヤルデルタ。デビュー戦を楽勝、2戦目の一般戦も12馬身以上の大差勝ち。種牡馬入り後2020年から25年まで毎年米でリーディングサイアー上位。2025年に芝に出てきた121頭は南半球で。日本ではジャスバーロブストが地方交流重賞を逃げ切り。ジャスバーゴールドは短距離型でTOP級も。ダート向きで母父次第。
コンスティテューション,,エーピーインディ系,米国産,Tapit,Baffled,Distorted Humor,,,,,3歳1月にデビュー。不敗の3連勝でクラシック候補に躍り出たが、骨折により3冠は断念。4歳2月のドンHで復活Vを遂げた。父タピットはダート指向が強いが、本馬は芝の活躍馬も多数。また、チリのシャトル先でも多くのG1馬を出し、適応力の高さを証明。中央では25年サークルオブジョイが芝長距離で2勝、シンビリーブはダ中距離3勝クラスと芝ダ不問。距離はマイル前後から中距離。,
コンプレキシティ,,フォーティナイナー系,米国産,Maclean's Music,Goldfield,Yes It's True,,,,,シャンペンSを圧勝し、不敗で挑んだBCジュヴェナイルは2番人気。果敢にハナを切ったが4角手前で交わされて失速。その後、順調さを欠くも、ケルソHで4角手前で先頭を奪い返して押し切り勝ち。爆発的なスピードがあり、マイル以下を使われることが多かった。基本はダートのスプリンター〜マイルだが、英G2を勝つなど芝も走る。日本唯一の産駒シンフォーエバーのイメージどおり。,
コーニッシュ,,ミスタープロスペクター系,米国産,Quality Road,Wasted Tears,Najran,,,,,21年全米2歳牡馬チャンピオン。抜群のダッシュ力とスピードを武器に2歳9月のデビュー戦から2つのG1含み3戦3勝。不敗のまま2歳王者となったが管理調教師のライセンス停止処分の影響で転厩を余儀なくされ、復帰初戦で大差のしんがり負け。そのまま引退となった。ダート適性の高いQuality Road系で仕上がりの早いスピード血統。どちらかと言えばハンデキャップタイプかもしれない。,
ゴールデンパル,,グレイソブリン系,米国産,Uncle Mo,Lady Shipman,Midshipman,,,,,米国2歳4月のデビュー戦2着後、英国ロイヤルアスコットのノーフォークSに挑み2着。世界を震撼させた。米国帰国後一貫し芝短距離を使われ、敵陣営から「ロケットシップ(宇宙船)」と言われるほど抜群のダッシュ力と加速力、粘り強さを武器に活躍。逃げ馬の宿命で勝つ時の鮮やかさと負ける時の潔さを併せ持っていた。仕上がり早のスピード血統。すんなりいければ中距離も。,
ゴールドアリュール,海外の種牡馬,サンデーサイレンス系,追分産,サンデーサイレンスUSA,ニキーヤUSA,Nureyev,,,,,自身の活躍舞台と同じく、25年も芝1勝に対しダート53勝とほぼダートでの勝ち鞍。ホウオウルーレット(父ロージズインメイ)がシリウスS、浦和記念と連勝。距離はダートは全方位型、阪神ダ2000m。阪神ダ1800mは優秀ながら東京2100m、新潟ダ1800mは不得手。配合相手はタワーオブロンドン、ナダル。騎手は松山、三浦皇成。厩舎は矢野英、森田。,
サクソンウォリアー,,ディープインパクト系,愛国,ディープインパクト,Maybe,Galileo,3,3,3,,,不敗のままレーシングポストトロフィー、英2000ギニーに勝利し日本産馬初の英国クラシック制覇を成し遂げた。種牡馬としても早々に芝G1勝ち馬を出す。日本では芝1400〜1800mが守備範囲で25年以降産駒数が増加する芝7勝中5勝が牝馬。函館で5戦4複勝圏と滞在競馬と洋芝が合うタイプか。得意な戦法は好位からの粘り込み。配合相手はほぼノーザンダンサー系。
サクラバクシンオー,海外の種牡馬,プリンスリーギフト系,早来産,サクラユタカオー,サクラハゴロモ,ノーザンテーストCAN,,,,,25年はカムニャック(父ブラックタイド)がオークス、サトノレーヴ(父ロードカナロア)は高松宮記念を勝利。26年も年明けフィオライアがシルクロードSを逃げ切る。芝ダートは芝3:ダ1。距離は1200、2000、2400m。ダートは1200、1400mと短め。配合相手はブラックタイドがロードカナロア、芝はレイデオロ。ダートはシルバーステート。騎手は吉田豊。,
シティオブライト,,ミスタープロスペクター系,米国産,Quality Road,Paris Notion,デヒアUSA,,,,,25年は23年2歳王者フィアースネスがパシフィッククラシックG1を制し3年連続のG1勝ち(BCクラシックはフォーエバーヤングの3着)と「タフさ」が再評価された。自身は3歳12月マリブSを逃げ切りG1初制覇。翌年3月トリプルベンドSも早めの先頭からG1連勝。この年BCダートマイルを快勝、引退戦ペガサスWCも2番手から圧勝。基本はダート中距離血統だが日本ではマイル以下の短距離指向。,
シャラタン,,ミスタープロスペクター系,米国産,Speightstown,Authenticity,Quiet American,,,,,3歳2月にサンタアニタ競馬場でデビュー。快足を武器に不敗のままアーカンソーダービーを制したが、のちに違法薬物が検出されて失格。その後、脚部不安を発症してひと息入れたがマリブSで復活V。翌年のサウジCでは名馬ミシュリフに1馬身差敗れたが後続を大きく引き離した。4度ある1位入線の合計着差は25馬身以上。父の産駒にモズスーパーフレア、マテラスカイ。ダートの短距離が◎。,
シャラー,,ダンジグ系,愛国,Invincible Spirit,Ghurra,War Chant,3,3,2,,,父は産み17万ギニーで取引、2歳5月にデビュー。初戦は不覚を取ったものの2戦目からはスピードを活かして2つのG1含め6連勝。南半球にもシャトルされ23年から25年と豪州で重賞勝利。中央で5頭出走で3頭勝ち上がる。ダート短距離でOP入りした中央唯一の成績はインビンシブルパパが芝CBC賞で逃げ切り。結局は芝不向の短距離型で落ち着きそう。
シューニ,,ヌレイエフ系,仏国,Pivotal,Sichilla,Danehill,3,3,3,,,1歳時17万ユーロで取引、2歳5月にデビュー。初戦は不覚を取ったものの欧州におけるGalileoとその父Sadler's Wellsの血の脅威、この血を持たない「救世主」として仏チャンピオンサイアーまで登りつめた。特徴は早期から芝短距離でデビューしながらクラシックまで活躍。その力を維持できるラックリは好位からの粘り込み。日本ではシンエンペラーが25年サウジアラビアターフカップを制した。
ショウケイシング,,ダンジグ系,英国,Oasis Dream,Arabesque,Zafonic,2,2,2,,,2歳夏ジムクラックSを当時の6F2歳コースレコードで勝利。父子制覇を狙ったミドルパークSは3着。父同様短距離路線に向かうも3歳ジュライCップ後に怪我が見つかり引退。日本ではペースセッティングが2歳戦から芝夕問わず活躍した。ダートもこなすが短距離が基本。25年もサセックスS勝馬を送り、ベテラン種牡馬として安定感を見せる。
シンボリクリスエス,母の父としての種牡馬 (broodmare-sire feature; stat strip = 出走頭数/勝馬頭数/重賞勝利/EI),ロベルト系,米国産,Kris S.,Tee Kay,Gold Meridian,,,,,25年のG3で複勝率29%,25年は京都金杯のサクラトゥジュール、中京記念のマピューズと重賞2勝。25年は芝ダが1.5:1で芝優勢。距離は芝は短から長まで全方位型も2400mは25年以降14戦未勝利。ダートは1700〜2000m。配合相手は芝がサトノダイヤモンド、サートゥルナーリア、ダートはレッドファルクス、ミッキーアイル。騎手は岩田望、舟山。厩舎は上村、堀。
ジャスティファイ,,ストームキャット系,米国産,Scat Daddy,Stage Magic,Ghostzapper,2,,2,,,わずか112日間で無敗のまま3歳デビューから初めて三冠を完勝させた名馬。産駒は2歳半の爆発的スピードと「全天候型・全世界型」が特徴。25年は14.5Fのセントレジャー勝ち馬を送り出し、日本ではオーサムリザルト引退）を中心にテーオーパスワードやティオラなどダート力を伝える。
ジャッククリストファー,,ミスタープロスペクター系,米国産,Munnings,Rushin No Blushin,Half Ours,,,,,ファシグティプトン社セールで13万5000ドル落札後2歳8月にサラトガでデビュー。溢れるようなスピードと逃げなくても競馬が出来るレースセンスを武器にキャリアを積み上げた。唯一の敗戦はレコード決着となるようなハイペースを追いかけたハスケルSのみ。5勝合計着差は26馬身半。母はストリートボスの半妹で父よりは対応距離は長め、ハンデキャップタイプのダート短〜中距離型。,
スタディオブマン,,ディープインパクト系,愛国,ディープインパクト,セカンドハピネス USA,Storm Cat,3,3,3,,,ディープインパクト直仔の仏ダービー馬。父の雪辱を期した凱旋門賞は9着。その後はガネー賞G12着、イスパーン賞2着と健闘するも勝ち星に恵まれず引退し、ジャックルマロワ賞を最後に引退。祖母はミエスク、母はキングマンボの半妹と血統的背景も十分で、欧州で世界トップレベル馬。日本でも25年キッコペッロが阪神芝1800m新馬勝ちとちらやべく本格派が出現。
ステイゴールド,母の父としての種牡馬 (broodmare-sire feature; stat strip = 出走頭数/勝馬頭数/重賞勝利/EI),サンデーサイレンス系,白老産,サンデーサイレンスUSA,ゴールデンサッシュ,デイクタスFR,,,,,芝1400mは単勝回収率168%超,25年はヘデントールが天皇賞・春、ホーエリートがステイヤーズSと父ルーラーシップ2頭が長距離重賞を制し晩成型。そのイメージとは違い、芝とダートは拮抗。距離は芝が1400〜1600m、ダートは1200、1900、2000mを得意とする。配合相手は芝がレイデオロ、エピファネイア、ダートはルーラーシップ。騎手は戸崎、津村。厩舎は手塚、小川田神。
スパイツタウン,,ミスタープロスペクター系,米国,Gone West,Silken Cat,Storm Cat,3,2,2,,,芝ダート不問のスプリンターで、能力の高さは信頼度は高い。勝ち上がり率も高く、多くは逃げ、先行。自身の能力はしっかり走れば反面、大舞台で底力を発揮、能力も超える頑張りをするタイプではない。日本ではマニハドラ、エコロガイアとダートOP馬の活躍を追うライドにカッタップが好調期で勝ち上がる。Munnings、Charlatanがこの後継代表後。
スペシャルウィーク,海外の種牡馬,サンデーサイレンス系,門別産,サンデーサイレンスUSA,キャンペーンガール,マルゼンスキー,,,,,25年はミッキーファイト(父ドレフォン)が帝王賞、JBCクラシックを連勝。トウシンマカオ、ファウストラーゼンが中央G2勝利。25年も22〜24年同様に芝ダートで芝1:ダ2。距離は芝1400、2000m。ダートは1200、1400m。福島1150mも得意。配合相手はダートがルーラーシップ、デクラレーションオブウォー。芝はなし。騎手は戸崎、松山、高杉。,
セントマークスバシリカ,,ヌレイエフ系,仏国,Siyouni,Cabaret,Galileo,3,3,3,,,半兄に英2000ギニー優勝マグナグレーシャを持つ仏2冠馬。エクリプスSでは南北両半球でG14勝のアドバイズを1歳半上の半ダービー馬ミシュリフを突き放し、愛チャンピオンSは前年BCターフ勝ち馬ターカナワ、ポエティックフレアを完封。豪州にも7頭出走し芝1200、1400mで計2頭が勝ち上がるなど短距離寄りか。人気での成功が目立つ。本来は仕上がり早めで成長力兼備のクラシック血統。
ゼンノロブロイ,海外の種牡馬,サンデーサイレンス系,白老産,サンデーサイレンスUSA,ローミンレイチェルUSA,マイニングUSA,,,,,25年はシリウスコルト(父マクフィ)が新潟大賞典を勝利。年明けゲルチュタール(父ブリックスアンドモルタル)が日経新春杯を制した。芝ダートでは芝優勢で、距離は芝2000、2400m。ダート1600m。配合相手は芝がエキサイトバイオのレイデオロ、ミントラザットのエピファネイア。ダートはホッコータルマエ。騎手は戸崎。厩舎は松永幹。,
タピット,,エーピーインディ系,米国,Pulpit,Tap Your Heels,Unbridled,3,1,3,,,わずか6戦のキャリアながら重賞2勝。2026年には25歳を迎え、大種牡馬として150頭以上の重賞勝ちと活躍馬を量産。2014年から3年連続で米国チャンピオンサイアーに選出。産駒の多くが雄大な馬体と速い気性を併せ持ち、日本では芝重賞勝馬も送るが、パニッシングポイントのような芝ダ兼用型も多い。ただ最近はもっぱらダートで距離は1400m〜1800mが中心。
ダイワメジャー,母の父としての種牡馬 (broodmare-sire feature; stat strip = 出走頭数/勝馬頭数/重賞勝利/EI),サンデーサイレンス系,千歳産,サンデーサイレンスUSA,スカーレットブーケ,Scarlet Ink USA,,,,,芝単勝4人気は単複回収率100%超え,24年に続き阪神JFを連覇。牝馬に活躍馬が多いものの、26年根岸Sを地方ロードフォンスが勝利。芝ダートは拮抗。距離は芝が1500m。一方、芝2200mは不得手。ダートは根津Sの1400m。配合相手は芝はレイデオロ、フィエールマン。ダートはナダル、バイオ、モズアスコット。騎手は戸崎、丹内、横山武。厩舎は嘉藤、高柳大。
ダークエンジェル,,ノーザンダンサー系,愛国産,Acclamation,Midnight Angel,Machiavellian,,,,,2007年、2歳でG1を制覇した後、3歳になる前に早々に種牡馬入りが決定。スピードを武器とし、産駒にこの特性を伝える。24年に英愛リーディングに輝く。2026年は21歳という年齢も考慮され種付料は割安に。日本ではマッドクール、シュバルツカイザーの稼ぎ頭が引退。芝向きで距離は1200m。一度成績が下がっても巻き返す力を持つ。配合次第では距離はもう少しこなせる。,
ティズザロー,,エーピーインディ系,米国,Constitution,Tiznow,Gin Running,3,1,3,,,珍しいニューヨーク州産。コロナで米3冠初戦となったベルモントSを圧勝。9月延期のケンタッキーダービーは半マ4着、ティスティックの逃げ切りを許すも勝つ。続くBCクラシックも惜敗を喫し、3歳でラストラン。米国で25年待望の産駒G1勝ち。日本では芝短距離ファムエレガントがOP入り。クインズショコラはダ中距離。仕上がり早で初戦から大人びたレースができる反面、成長力にはやや疑問も。
ディープインパクト,母の父としての種牡馬 (broodmare-sire feature; stat strip = 出走頭数/勝馬頭数/重賞勝利/EI),サンデーサイレンス系,早来産,サンデーサイレンスUSA,ウインドインハーヘアIRE,Alzao,,,,,牝芝1400m単勝回収率332%超,25年はドゥラメンテ産駒のマスカレードボールが天皇賞・秋制覇。23〜25年で芝4:ダート1の勝利数と芝向きは変わらず。配合相手は芝がミッキーロケット、ファインニードル、ドゥラメンテ。ダートはナダルか芝ミスター=ミニスター。距離は芝が2400mと2000mが好成績、ダートは万遍なく走るが、福島1150m、東京1300、2100mの変則に弱い。
トゥーダーンホット,,ミスタープロスペクター系,英国,Dubawi,Dar Re Mi,Singspiel,3,3,3,,,新馬から4連勝でデューハーストS に圧勝し、脚部不安を抱えて芝2000ギニーは回避。復帰後3連敗も1400mのジャンプラ賞、サセックスSを連勝し高いスピード値を示す。初年度産駒からG1馬を出し、豪州でも産駒が出走。中央では6頭出走中4頭勝ち上がり。リフィイは芝ダ兼用も基本芝向きでスプリント〜1400mが中心。ゴルドフィン関連産馬が後継。
トワーリングキャンディ,,ミスタープロスペクター系,米国,Candy Ride,House of Danzing,Chester House,3,1,3,,,2歳11月ハリウッドパークのAW戦を逃げ切り。その後休養し3歳5月に復帰すると9月のデルマーダービーまで逃げ、先行力を武器にAW、芝で4連勝。グッドウッドS で敗れダートに転じマリブS に勝った。ガンランナーまる遅の底力あるサイアーラインで芝ダート、距離不問。25年はマーゴットフォーゴ(高松宮記念予)が逃げ上がり。エコロジーク は芝、ドゥラタップは ダートそれぞれ3勝クラス に。
ドバウィ,,ミスタープロスペクター系,愛国産,Dubai Millennium,Zomaradah,Deploy,,,,,わずか1世代しかいないドバイミレニアムの代表産駒。2025年だけでノータブルスピーチやレベルスロマンス、ドラクロワなど6頭のG1勝馬を送り出した。さらに1歳馬セリの平均落札価格で5年連続欧州トップ、2025年産駒重賞勝馬が通算で200頭などいくつもの金字塔を立てた欧州の「生ける伝説」。日本では25年中央未勝利で現役不在に。最近は産駒が初勝利まで遠い傾向。芝ダ不問のマイラー。,
ナイキスト,,グレイゾヴリ系,米国産,Uncle Mo,Seeking Gabrielle,Forestry,3,1,3,,,2歳6月のデビュー戦から快足を武器に勝ち進み、BCジュヴナイルとケンタッキーダービーを連勝、無敗でクラシック制覇したアンクルモ後継種牡馬。引退まで一流のスピードを発揮し、米2冠ものを完封した。種牡馬としても自仔同様のスピードに優れた早枯れせず仕上がりの早い快速タイプを輩出。25年は3歳産駒が活躍。芝もダートもこなす早い快速タイプで仕上がりも早く軽い芝も走れる。
ナイトオブサンダー,,ミスタープロスペクター系,英国産,Dubawi,Forest Storm,Galileo,2,2,2,,,3歳時はキングジョージに敗れたものの、2000ギニーは快勝した名馬。種牡馬として大成功し、欧州各地でGⅠ馬を輩出。ガリオフィンらのトップ級ダービー血のキングジョージの血が走る。25年は欧州各地でリーディングサイアー上位に入る。日本でもスプリンターマイルで産駒が走り始める活躍馬。
ニューベイ,,ミスタープロスペクター系,英国産,Dubawi,Cinnamon Bay,Trellis Bay,2,,2,,,ドバウィ産駒の仏ダービー馬。仏2000ギニーやパリ大賞を勝ち、ダービー級ウィナー。種牡馬としても英チャンピオンSを勝つベイブリッジら活躍馬を出している。仏で成功した産駒もいるが日本でも成功し、ペントハオも輩出しており、現状も活躍。
ノットディスタイム,,ストームキャット系,米国産,Giant's Causeway,Miss Macy Sue,Trippi,3,2,3,,,競走馬としては、わずか4戦のキャリアながら能力で大成し、米国3歳牡馬を完封したスケールの大きい産駒を出すサイアーとして米国で人気急騰中。半弟のリアムズマップらと並ぶジャイアンツコーズウェイの後継種牡馬。一流のスピードとダート力を兼備した産駒が次々と登場し、米年度代表馬も輩出。ダート向きの快速タイプ。米で大ブレイクし、キャリアを積みながら活躍。
ノーネイネヴァー,,ストームキャット系,米国産,Scat Daddy,Cat's Eye Witness,Elusive Quality,3,2,2,,,父スキャットダディは日本でも馴染み深い快速サイアー。カラフォックスとともに早枯れせず仕上がりの早い快速タイプ。米仏でモルニ賞などを勝ち、ベストミーニミーらに次ぐ早枯れせずアンドゥナラブ。仏でも上昇傾向にある。フランケルらと並び欧州を席巻する快速種牡馬の一頭。25年は2、3歳産駒が躍進し、仕上がりは早く軽い芝のスプリント〜マイル向き。
ハットトリック,注目種牡馬(現役種牡馬 五十音),サンデーサイレンス系,追分産,サンデーサイレンス,トリッキーコードUSA,Lost Code,,,,,サンプル不足,25年は唯一の現役馬エアファンディタがリステッドのまほろばSを勝つなど芝のマイルを中心に活躍。海外でも産駒が多く活躍するが、日本ではここまでの成績を見ると、中央の勝ち鞍は全て芝で距離は1600〜1800m。コースも勝ち鞍のほとんどが京都と阪神で、東京、中山は苦手としている。2〜3歳より古馬になって活躍するタイプ。
ハリーエンジェル,,ノーザンダンサー系,英国産,Dark Angel,Beatrix Potter,Cadeaux Genereux,,,,,デビュー2戦目ミルリーフSで重賞初勝利。ゴドルフィンへトレード後ジュライCでは2番手から抜け出し、不敗の6連勝中だったカラヴァッジオに初黒星をつけ、不良馬場スプリントCは逃げて圧勝。父系らしい仕上がり早のスプリンターでシャトル先の豪州でG1馬を出すなど高評価。芝向きでダートは疑問。25年中央ではコウセキが芝1200m2勝クラスで先行馬として活躍。,
ハーツクライ,母の父としての種牡馬 (broodmare-sire feature; stat strip = 出走頭数/勝馬頭数/重賞勝利/EI),サンデーサイレンス系,千歳産,サンデーサイレンスUSA,アイリッシュダンス,トニービンIRE,,,,,芝2000mは単勝回収率263%,25年はG1-3勝を含め重賞13勝。芝刃間わずキンカメ系との破壊力を見せつけられた1年だった。22〜24年で芝のダートの勝利数も拮抗も25年は芝ダで2:1と芝がリード。芝が単勝回収率も100%超え。距離は芝が2000m以上、ダートがマイル以上。騎手は佐々木、丹内。配合相手は大きくキンカネ系とカリフォルニアクローム、モズアスコットが特注。
ハービンジャー,母の父としての種牡馬 (broodmare-sire feature; stat strip = 出走頭数/勝馬頭数/重賞勝利/EI),ダンジグ系,英国産,Dansili,Penang Pearl,Bering,,,,,福島芝は単複回収率180%超,25年は有板馬2頭(レガレイラ、ベラジオオペラ)が芝G1勝利。芝優勢は変わらず、距離は1400〜2000mと守備範囲は広い。ダートは1800m。芝が問わず得意距離の共通として2着が多い。配合相手は芝はドゥラメンテ、レイデオロ、キズナ。ダートカナロアのキンカネ系。ダートはリアルスティール。騎手は戸崎、ルメール、武豊。厩舎は須貝、斎藤誠。
バゴ,注目種牡馬(現役種牡馬 五十音),レッドゴッド系,仏国産,Nashwan,Moonlight's Box,Nureyev,,,,,函館芝1200m(3-2-1-8),ステラヴェローチェは芝7勝、ダート3勝とまずまずだが、25年は芝7勝、ダート3勝とまずまず。ミラージュナイトが夏の札幌で連勝し菊花賞に出走。洋芝の北海道開催は得意で単複回収率も高い。距離は産駒によって様々で、ナスルーラの血が濃いと短距離やダートに出やすい。芝コースでは中京、阪神が得意で中山、新潟、東京が苦手。ダートも不得手。
バトルプラン,注目種牡馬(現役種牡馬 五十音),ファピアノ系,米国産,エンパイアメーカー,Flanders,Seeking the Gold,,,,,芝の重(2-2-0-7),25年は中央1勝に終わるも、高知ではユメノホノオが、秋にコリアグランプリに出走し、1番人気に支持された。馬券の狙いはダートならローカルの1800m以下。芝で狙うなら新潟や東京など直線の長いコース。芝も道悪は得意な部類。単複回収率も高く積極的に狙いたい。母父はSS系とロベルト系。ステイゴールドなど芝中長距離に強いタイプと好相性。
バンドワゴン,注目種牡馬(現役種牡馬 五十音),ヴァイファール系,安平産,ホワイトマズルGB,ピラミマUSA,Unbridled's Song,,,,,中京ダ1800m(1-1-1-5),25年はバンドシェルの2勝クラスでの1勝のみもその後3勝クラスで善戦。産駒は成長力のあるタイプが多く、レースセンスも高い。活躍は以前はダート短距離、芝中距離から最近はダート中距離、芝短距離にシフト。コースも京都、中京、中山、阪神。ほかのコースではほとんど結果が出ていない。母父はSS系。自身と同じ馬場幸夫オーナーの産駒に注目。
バンブーエール,注目種牡馬(現役種牡馬 五十音),ミスタープロスペクター系,荻伏産,アフリートCAN,レインボーウッドGB,Rainbow Quest,,,,,東京ダ1300m(1-2-0-4),25年は中央でマケスギライが東京ダ1300mの1勝クラスを勝利。近年の中央の勝ち鞍はダートの短距離のみで、1600mは長く、1400mでも狙いづらい。しかし1300m以下となると見直すように成績が安定し、人気でも信頼できる。コースは東京、京都、中山など中央場所で強く、福島、小倉は苦手。道悪もよくない。
バーイード,,ダンジグ系,英国産,Sea The Stars,Aghareed,Kingmambo,,,,,輸入種牡馬フクムの半弟で、2022年全欧年度代表馬。どんな位置からでも競馬が出来るレースセンスと優れたスピードを武器に3歳6月のデビューから6つのG1含み10連勝。4歳7月のサセックスSでは日本馬バスラットレオンを一蹴している。父は距離不安を囁かれながらも英国ダービー、凱旋門賞に勝ち、祖母は米芝牝馬チャンピオン。日本の高速馬場に対する適性はありそうだ。,
パドトロワ,注目種牡馬(現役種牡馬 五十音),フォーティナイナー系,千歳産,スウェプトオーヴァーボードUSA,グランパドドゥ,フジキセキ,,,,,京都ダ1400m(1-3-1-6),26年3歳がラストクロップ。25年はその世代からプレセピオが芝短距離の未勝利とつわぶき賞を勝つなど2頭が頭を持ち上がり。芝もダートも短距離専門で、距離はここ5年1700m以上の勝ち鞍なし。京都、函館、新潟といった中央場内のコースでめっぽう強く、阪神は苦手。仕上げは比較的早く2歳戦でも早くから馬券に絡む。母父はND系とSS系。
パレスピア,,ガリレオ系,英国産,Kingman,Beach Frolic,Nayef,3,4,3,,,キングマン譲りの俊敏なスピードでジャックルマロワ賞連覇など欧州マイル戦線を制覇した名マイラー。3歳から4歳にかけてマイルGⅠを次々勝ち、引退までトップマイラーとして君臨。種牡馬としてもセントジェムススプリントSなど勝ち上がりが出ており、本格化初年度から重賞ウィナーを輩出。仏でも産駒が活躍。芝マイル中距離向き活躍。
ビーチパトロール,注目種牡馬(現役種牡馬 五十音),キングマンボ系,米国産,Lemon Drop Kid,Bashful Bertie,Quiet American,,,,,松山騎手(1-3-4-6),26年は産駒が4世代目。その世代から3頭が2歳時に中央で勝ち上がる。2勝クラスでは順調に勝ち上がるものの、そこが壁に。3勝クラスは慎重に見極めたい。勝ち鞍は芝がダートの2倍以上、距離は1800〜2000mで好走率が高い。単複回収率が高いのは1200m。ダートの短距離は苦手。母父のほとんどはSS系。松山騎手と好相性で単複回収率も高い。
ピナトゥボ,,ストームキャット系,愛国産,Shamardal,Lava Flow,Dalakhani,3,3,2,,,2歳時に6戦無敗のヨーロッパ最優秀2歳馬。シャマーダル産駒の快速マイラーで、3歳以降は伸び悩んだが、2歳時には欧州を席巻する強さを誇った快速タイプ。種牡馬としても産駒が走り始め、仕上がりの早いマイラー血で、芝向き。日本にも産駒が輸出されており活躍。
ファー,,ノーザンダンサー系,英国産,Pivotal,Gonbarda,Lando,,,,,2、3歳時は各1戦、4歳5月不敗のまま3勝目。以降はナサニエル、フランケルらが待つG1に挑戦し、5戦2着4回3着1回。5歳初戦のロッキンジSでは中位追走、早め先頭から久々に勝利すると、脚部不安明けの英チャンピオンSも快勝。母はドイツ賞、オイロパ賞勝ち馬とスタミナのある独血統。受胎率の問題で産駒数が限られるなか欧州でマイルG1勝馬を多数輩出。オフトレイルがスワンS勝ち。,
フィレンツェファイア,注目種牡馬(現役種牡馬 五十音),ゴーンウエスト系,米国産,Poseidon's Warrior,My Every Wish,Langfuhr,,,,,芝1200m牝馬(4-0-0-12),26年3歳が初年度産駒。ルージュサウダージが6月に芝1200mの新馬戦をレコードで勝ち、26年年明けの萌黄賞で2勝。早熟のイメージが強いゴーンウエスト系で、自身も2歳重賞を勝っており仕上がりは早そう。25年は芝牝馬、ダートも勝った1頭は牡馬と傾向が分かれる。距離は勝ち鞍まずが芝1200m、先行して押し切るのが勝ちパターン。
フェノーメノ,注目種牡馬(現役種牡馬 五十音),サンデーサイレンス系,平取産,ステイゴールド,ディラローシェIRE,デインヒルUSA,,,,,ダート2400m以上(1-7-4-14),6世代のみの供用で、26年4歳が最終世代。25年はアコークローがラストランとなる2勝クラスの中山ダ2400mを勝利で中央。中央は1勝のみに終わったが、地方ではナッジが南関東の重賞入線記念を勝つなどダート長距離で強さを見せる。中央での狙いもダート長距離で、残る産駒は少ないが狙いたい。芝でも中距離以上なら連下で一考。
フジキセキ,海外の種牡馬,サンデーサイレンス系,千歳産,サンデーサイレンスUSA,ミルレーサーUSA,Le Fabuleux,,,,,25年はペリエール(父ヘニーヒューズ)がエルムSを勝利など芝ダートで芝1:ダ5とダート偏重の傾向がさらに強くなった。距離はダートが全方位型も1200mと2000m超は不振。コースは新潟ダ1800m、小倉ダ1700m。芝は2000m。配合相手はダートがデクラレーションオブウォー、モズアスコット。芝がルーラーシップ。騎手は永島、横山武。,
フライトライン,,エーピーインディ系,米国産,Tapit,Feathered,Indian Charlie,,,,,2022年全米年度代表馬。ファシグ・ティプトン社の1歳セレクトセールにおいて100万ドルで落札。3歳4月のデビュー戦を圧勝した後、骨折の憂き目にあうなどクラシックには縁がなく、わずか6戦のみの競走生活だったが、その合計着差は71馬身差。この年ダート馬史上最高レーティング140ポンドを獲得した。高い身体能力と優れた心肺機能、旺盛な競走欲を併せ持つ伝説の名馬。,
フランケル,,サドラーズウェルズ系,英国産,Galileo,Kind,デインヒルUSA,,,,,10のG1を含む重賞12勝。その多くが2着馬を3馬身以上突き放したもの。26年中山金杯で4連勝中カネラフィーナが4着。OP緒戦のシャイニングソードは日経新春杯8着と人気で敗れるパターンが目に付く。一方でレイベリングが睦月Sを12人気で逃げ切るなど、つかめない一面も。距離はスプリンターと中距離型に二分の傾向は変わらず、ダートはイマイチ。配合相手はミスプロ系と好相性。,
フリオーソ,注目種牡馬(現役種牡馬 五十音),ロベルト系,新冠産,ブライアンズタイムUSA,ファーザUSA,Mr. Prospector,,,,,函館ダ1000m(2-0-2-7),25年はクロジショーがNST賞を勝ちJBCスプリントで5着。地方ではアエノブライアンが九州チャンピオンシップを勝つ。中央では芝の勝ち鞍はなし。ダートは短距離から長距離までこなすが、ホッカイドウ競馬のコースに勝ち鞍が集中。25年2歳がラストクロップとなるが、残された産駒の活躍を期待した。
フレンチデピュティ,母の父としての種牡馬 (broodmare-sire feature; stat strip = 出走頭数/勝馬頭数/重賞勝利/EI),デピュティミニスター系,米国産,Deputy Minister,Mitterand,Hold Your Peace,,,,,芝2200mは複勝率47%,25年はメイショウタバル(父ゴールドシップ)の宝塚記念制覇が光る。22〜24年と比較して25年はダート優勢に。距離は芝が2000と2200m、ダートは1000〜1400mと短めになる。配合相手はダがチェルピアットのロードカナロア、ダートはドレフォン、ルヴァンスレーヴ。厩舎は鈴木伸、宮本、小島茂。
フロステッド,,エーピーインディ系,米国産,Tapit,Fast Cookie,Deputy Minister,,,,,代表産駒トラヴェルコラムのようにダ中距離を好位から力でねじ伏せるのが基本。自身は連勝を重ねるタイプではなく、強さと急成が同居。産駒はまだG1未勝利も、25年は8頭のブラックタイプ勝ち馬を出す。日本では「ジャスパー」クローネ&ノワール、ディビネの芝短距離型、ドラゴンウェルズやゲッティヴィラのダ短距離型に分かれる。早期から活躍できるスピードが魅力。,
ブルーポイント,,ストームキャット系,愛国産,Shamardal,Scarlett Rose,Royal Applause,,,,,先行力を武器に2歳8月シムグラックSで重賞初勝利。4歳6月のキングススタンドSでG1ウイナーの仲間入りを果たし、5歳時には、初日のキングススタンドSと5日目のダイヤモンドジュビリーSの両方を制して史上2頭目となるロイヤルアスコット「スプリントダブル」も達成。芝もダートもこなすスプリンター。日本では唯一の中央勝ち馬マックアルイーンが芝1200m3勝クラスで連対。,
プラクティカルジョーク,,ストームキャット系,米国産,Into Mischief,Halo Humor,Distorted Humor,3,3,3,,,イントゥミスチーフの快速マイラー。2歳時にホープフルSなどを勝ち、3歳でジョークSらでGⅠ級。米で大成功している父の後継として産駒が活躍中。2歳戦から走る快速タイプで、仕上がりの早いマイラー血。芝向き。25年は産駒が活躍し、上昇傾向。ダート中距離まで対応。
プリサイスエンド,注目種牡馬(現役種牡馬 五十音),フォーティナイナー系,米国産,エンドスウィープUSA,Precisely,Summing,,,,,新潟ダ1800m(2-3-5-15),26年6歳がラストクロップ。さすがに中央の現役産駒は少なくなったが、25年はラルカロンニンバスが東京ダ1300mの2勝クラスで12番人気1着と激走するなど存在感を示した。距離は1800mまでならこなすが、マイルを超えると勝ち切れず、2、3着が多くなる。内枠が苦手で、新潟、中京など直線の長いコースでの一発に差しが激走パターン。騎手は菅原明、杉原。
ヘンリーバローズ,注目種牡馬(現役種牡馬 五十音),ディープインパクト系,安平産,ディープインパクト,シルヴァースカヤUSA,Silver Hawk,,,,,京都芝1800m(1-1-1-4),25年は2年目産駒のローランドバローズが1勝クラスから芝中距離で3連勝し、オープン入り。3年目産駒からもストームサンダーがクローバー賞を制した。距離は芝のマイル以上で、京都、阪神コースでは強い、正統派のディープインパクト産駒。道悪は今のところ勝ち鞍がなく、ダートも得意とは言えない。配合相手はキングマンボ系とファビアノ系。
ベストウォーリア,注目種牡馬(現役種牡馬 五十音),エーピーインディ系,米国産,マジェスティックウォリアーUSA,フラーテイシャスミスUSA,Mr. Greeley,,,,,小倉ダ1000m(2-1-2-13),25年はダートで4勝。産駒傾向は2勝止まりが多く、一つの壁となっている。直近では小倉、阪神などが得意で、東京、中京が苦手と他に比べて右回りが得意な傾向に。ただし右回りでも芝スタートのコースは成績がよくない。母父はほとんどがゴールドアリュールやエーピーインディ系といったダートで実績のある種牡馬。
ホークビル,注目種牡馬(現役種牡馬 五十音),サドラーズウェルス系,米国産,Kitten's Joy,Trensa,Giant's Causeway,,,,,札幌芝(1-4-0-9),25年は3世代目のアッカンが2歳未勝利戦と百日草特別を連勝。自身の父Kitten's JoyがジャンダルムをSS系として出すただけに引退が惜しまれる。ダートで狙う場合は母父ゴールドアリュールやヌヴォヴィラスなどダート色の濃い配合に限定。
ボルトドーロ,,サドラーズウェルズ系,米国産,Medaglia d'Oro,Globe Trot,A.P. Indy,,,,,2歳8月のデビュー戦を圧勝後、デルマーフューチュリティは後方から追い上げG1初制覇。本来の先行力を発揮したフロントランナーSは圧勝。サンタアニタダービーはジャスティファイの2着もケンタッキーダービーは大敗。実績はダート中距離だが、この父系は芝への対応力がある。日本では25年フルミネブルがダートマイルで新馬勝ち、フロムダスクは芝マイルで3勝クラス突破。,
ポエティックフレア,注目種牡馬(現役種牡馬 五十音),サドラーズウェルス系,愛国産,Dawn Approach,Maria Lee,ロックオブジブラルタルIRE,,,,,東京芝(3-2-2-5),26年3歳が初年度産駒。25年はその初年度産駒からリアライズシリウスが新馬、新潟2歳Sを連勝するなど、2歳時に芝7勝ダート2勝と上々のスタート。これまでのサドラー系のイメージを払拭する切れ味を見せる。馬券の狙いは芝で、全競馬場で最多の3勝をあげて単複とも回収率が100%超出走は7勝中4勝が箱進。ダートも一発は少ないが成績は悪くない。
マキシマムセキュリティ,,ミスタープロスペクター系,米国産,New Year's Day,Anashed,Cresta Lil,2,1,2,,,米競馬ファンを熱狂させた快速馬。2019年史上3頭目の無敗チャンピオンに輝くも、ケンタッキーダービーでは不可解な降着。地方アガディアダンスなどダート中距離で米サウジで14戦10勝。1位2人気を返済する強さで2026年に産駒デビュー。父譲りの快速がダート短距離向き。芝もこなすがやはりダートが本流。産駒も同様タイプか。
マクリーンズミュージック,,フォーティナイナー系,米国産,Distorted Humor,Forest Music,Unbridled's Song,2,1,3,,,1歳時に90万ドルの高額取引も現役わずか1戦のみのキャリア。そこで圧倒的なスピードを示し、種牡馬としてその快足が花開いた。父Distorted Humorの後継として、北米でも有数のダート快速サイアーに。多くは4頭が勝ち上がる、ダート短距離が向くマイラーアタックが多い活躍馬。芝もこなすが基本ダートで短距離寄り。距離は1200〜1800mと守備範囲は広く、逃げ先行有利。
マッキンジー,,ストームキャット系,米国産,Street Sense,Petionville,Runaway Model,2,,2,,,米GⅠを3勝した一流のスプリンター系。2歳目はキャッシュコールフューチュリティを制し、3歳春マリブSなどGⅠ計3勝、引退まで安定して走った。初年度産駒からシャンペンSを勝つなど早くも活躍馬を出している。ダート短〜中距離向き。
マックスフィールド,,エーピーインディ系,米国産,Street Sense,Velvety,Bernardini,2,1,2,,,追込脚質で2歳7月のデビューから4戦2勝。フューチュリティを制し2歳重賞ウィナーに。3歳で骨折離脱も復帰後はケルソSら計5重賞含む8勝。父Street Sense は内ダ快速で芝もこなす。種牡馬として25年に2歳産駒デビュー。マグナヴィルらの母父が出る1400mで、ダノンバーバ等の母父1800mで2倍2着馬を出す。仕上がり早の万能型で芝もこなすが、産駒はダートが中心か。
マツリダゴッホ,注目種牡馬(現役種牡馬 五十音),サンデーサイレンス系,静内産,サンデーサイレンスUSA,ペイパーレインUSA,Bel Bolide,,,,,鮫島克駿騎手(3-1-2-7),25年はプラチナレアーが障害未勝利を勝つも、平地では未勝利。芝のマイル以上まで消耗戦になって前が崩れたところを中団から脚を伸ばしてくるパターンで馬券に絡む。コースでは自身も活躍した中山が好得意。芝は1400mでも得意。ダートでは1400m以上で、単複回収率も高い。ただし東京だけは苦手なので注意。母父ノーザンダンサー系、ナスルーラ系と好相性。
マテラスカイ,注目種牡馬(現役種牡馬 五十音),ゴーンウエスト系,米国産,Speightstown,Mostaqeleh,Rahy,,,,,中山ダ1200m(2-2-1-8),26年3歳が初年度産駒。25年は芝2勝、ダート4勝とまずまずのスタート。テーオーグレーザーはダート1200mで2頭をあげる。1900mで勝利があるものの、狙いはダート短距離。コースは新潟、東京など左回りの広いコースが不得手。芝も短距離がマイルでならまずまず。母父はダートではSSとミスプロ、芝はSS。
マニングス,,ミスタープロスペクター系,米国産,Speightstown,La Comete,Holy Bull,2,1,2,,,米早熟短距離からマイラーに活躍した上り調子の追い込み馬。2歳時のシャンペンSなど芝でも好走。1400mで勝ち負けしたウディスティーヴンスSなど芝ダート不問の快速タイプ。北米でもダート短距離重賞勝ち馬を出し、距離はマイルまで。ダート向きの快速タイプが多く、産駒が26年は3歳。
マリブムーン,,エーピーインディ系,米国産,A.P. Indy,Macoumba,Mr. Prospector,2,1,3,,,2歳時に米国で2勝目。骨折引退し種牡馬入り。2022年に生まれた世代が躍進的な成功。米国はサクラショウーがBCジュヴナイルSG2を制し、ダート中距離やBMSランキングでも3位など好成績を収める。日本では、引退種牡馬としてオーブ等のダートの短距離向きが多い。自分の競馬ができれば堅いタイプ。
マンハッタンカフェ,母の父としての種牡馬 (broodmare-sire feature; stat strip = 出走頭数/勝馬頭数/重賞勝利/EI),サンデーサイレンス系,千歳産,サンデーサイレンス,サトルチェンジIRE,Law Society,,,,,ダ1200m単複回収率150%超,25年は大将格ソウルラッシュが引退。サンライズアースは芝長距離の重賞戦線で活躍した。25年は芝が優勢でダートとの均衡が崩れる。距離は芝が2400m以上、ダートは1900と2000mの変則に強い。配合相手は芝はモーリス、リオンディーズ。ダートはロードカナロア、ドレフォン。騎手は川田、坂井瑠、横山。厩舎は福永、鈴木慎。
ミスティックガイド,,ノーザンダンサー系,米国産,Ghostzapper,Music Note,A.P. Indy,1,,2,,,ドバイワールドカップを圧勝した一流のダート中距離馬。米やや晩成タイプで、4歳のチャンピオンディスタフを制したり、北米のチャウワイザーらを輩出。GⅠ級が登場している。
ミッキーグローリー,注目種牡馬(現役種牡馬 五十音),ディープインパクト系,新ひだか産,ディープインパクト,メリッサ,ホワイトマズルGB,,,,,ダートの稍重(4-2-1-8),25年は芝3勝、ダート6勝と芝ダ優勢。芝の3勝は全て牡馬、ダートの6勝のうち5勝が牝馬と芝とダートで性別がきっちりと分かれているのが面白い。2年目で成績を伸ばすには勝ち上がりにはやや時間がかかるタイプだが、その分早調期間も長い。距離は芝もダートも1600m以上。芝が稍重の成績が抜群だが、重、不良になると成績が落ちる。
ミッキーロケット,注目種牡馬(現役種牡馬 五十音),キングカメハメハ系,安平産,キングカメハメハ,マネーキャントバイミーラヴIRE,Pivotal,,,,,母父ディープインパクト(15-12-11-45),初年度産駒のミッキーゴージャスが愛知杯を勝つなど好スタートを切ったが、25年はやや低調に終わった。そんな中でもグランアルティスタが2勝クラス、3勝クラスを勝つなど、芝の中距離では存在感を示す。馬券の狙いも芝ダート短距離で、コースは小倉に大注目。一方福島、新潟は苦手。母父はディープインパクトなどクラシックディスタンスに強いSS系。
ミトーリ,,ストームキャット系,米国産,Eskendereya,Indian Miss,Indian Charlie,2,2,,,,エスケンデレヤの直仔でホットロッドチャーリーらの半兄。クラシックには無縁ながら、先行抜けだしという快足タイプ。スプリント路線で米GⅠを4勝。BCスプリントまで制した実力派。25年は3歳牡馬シーマーストイらGⅠ級が登場。エスケンデレヤのイメージとは違い、自身も産駒も短距離向きでスピード抜群。
ミュゼスルタン,注目種牡馬(現役種牡馬 五十音),キングカメハメハ系,千歳産,キングカメハメハ,アスクデピュティ,フレンチデピュティUSA,,,,,福島ダ1700m(2-2-0-6),25年は中央で1勝、地方では大井でカセノタイガーが特別を勝って羽田盃に駒を進め、3歳ダートクラシック三冠に皆勤。ダートは1800m。芝もまずまずだが馬券の狙いはダートならローカルが中心。コースは福島、中山など小回りコースがいい。馬券で走るのはカセノタイガーや中央が新馬勝ちしたタイガードラゴンに共通するアンブライドルドを持つ馬に注目。
メイショウボーラー,注目種牡馬(現役種牡馬 五十音),ヘイロー系,浦河産,タイキシャトルUSA,ナイスレイズUSA,Storm Cat,,,,,札幌ダ1700m(2-1-1-12),26年3歳がラストクロップ。25年は中央は1勝止まりだが、地方ではヴァアラルが園田で4勝、中央から転厩したメイショウヨンクが高知で6勝をあげるなど存在感を示す。馬券の狙いはダートの中距離。出走数が短距離に多いが、複勝率は1700mを境に急に多い。コースは中京、新潟、札幌。騎手は騎乗数の多い団野。
メンデルスゾーン,,ストームキャット系,米国産,Scat Daddy,Leslie's Lady,Tricky Creek,2,,2,,,イントゥミスチーフの全弟で当代有数のBCジュヴナイルターフ、UAEダービー級ウィナー。ケンタッキーダービーは回避したが、ジャスティファイと人気になる大物。ジュヴェナイルからUAEダービーまで2歳〜3歳春にかけて活躍。日本でも産駒が走り始め、2〜3勝クラスを一つ勝てている。
ヤウポン,,グレイソヴリン系,米国,Uncle Mo,Modification,Vindication,3,1,3,,,スピードと加速力、粘着力を武器に3歳7月から2つの重賞含め4連勝。4歳フォアゴーSではフィレンツェファイアから顔をかみ合わされそうになりながらも強い精神力でG1制覇。父譲りの仕上がり早の快足血統。初年度から8頭のステークス勝馬を27月に、セリ平均は早くも30頭以上の勝ち上がり。そのよく歩く姿で大型での圧勝と「2歳戦からの完成度の高さ」が魅力。芝ダート不問の万能の適性も評価されている。
ヤマカツエース,注目種牡馬(現役種牡馬 五十音),キングカメハメハ系,新ひだか産,キングカメハメハ,ヤマカツマリリン,グラスワンダーUSA,,,,,新潟芝2000m(1-1-1-2),25年は2世代目で稼ぎ頭のタガノデュードが芝中距離2勝クラスを勝って、年明けに3勝クラスを突破。ダイシンヤマトも芝マイル3勝クラスを勝つなど産駒のオープン入りが続いた。活躍の舞台は芝のマイル〜中距離。1600m、2000mといった根幹距離を得意とし、1800mは成績がよくない。ダートも苦手。配合相手の母父はハーツクライなど長距離型のSS。
ライフイズグッド,,ストームキャット系,米国産,Into Mischief,Beach Walk,Distorted Humor,2,1,2,,,2歳11月にデビューすると逃げ切り、先行力を武器に2つの重賞を含む3歳春の覇者。ラシックや横綱を含む3歳春の対戦に挑む。日本でも産駒登場。芝もダートもこなす快足タイプで、軽い芝向きが基本。
ラッキーヴェガ,,ストームキャット系,愛国産,Lope de Vega,Queen of Carthage,Cape Cross,2,2,2,,,父はロペデヴェガ、デビュー3戦目フィーニックスSでG本命の200m級で2歳重賞制覇。フェニックスS制覇。ミドルパークSはミドルパークSは2着。芝2000mで本格化したミドルパークでも好走。安定したマイラー血統で日本でも産駒が走り始める。これからのマイラー血統で日本でも活躍。
ラニ,注目種牡馬(現役種牡馬 五十音),エーピーインディ系,米国産,Tapit,ヘヴンリーロマンス,サンデーサイレンスUSA,,,,,小倉ダ1700m(5-3-1-10),25年は中央で3勝。これまでの勝ち鞍はほぼ全てダートで、芝は見送り。地方では東海でフークビグマリオンが名古屋グランプリで中央勢相手に4着と健闘し、総賞金を1億円台に乗せた。タフな馬が多く、レース数を こなすのが強み。距離やコースはまんべんなく走るが特注は小倉。配合相手はミスプロ系がベスト。
ラブリーデイ,注目種牡馬(現役種牡馬 五十音),キングカメハメハ系,安平産,キングカメハメハ,ポップコーンジャズ,ダンスインザダーク,,,,,阪神芝2000m(2-1-0-6),25年は15勝でうち芝が12勝。以前はダートで活躍する産駒もいたが、最近は芝にシフト。本格化はやや遅めなので、勝ち上がった馬の成長に期待。調子が上がると連続好走も目立つ。馬券の狙いは芝の中距離で、2000mを分か端に短距離長距離とも下りない。自身と同じ金子オーナーの所有馬は勝ち鞍こそ多が人気になりやすいため馬券的にはイマイチ。
リアルインパクト,注目種牡馬(現役種牡馬 五十音),ディープインパクト系,安平産,ディープインパクト,トキオリアリティーUSA,Meadowlake,,,,,京都芝1600m(2-1-1-4),25年は芝7勝、ダート8勝。芝はナムラアトムがオープン入り、スウィートハピネスが阪神JFなど楽しみな産駒が揃う。芝は短距離から中距離まで幅広く、特に1400m〜1600mで複勝率が高い。コースは中山と小倉だけが得意で、ダートでは1800mで近5年のダート勝ち鞍の半分近くを量産。母父は芝ダートともにDミニスター、ダンジヒなどのND系。
リアルスマップ,,ノーザンダンサー系,米国産,Unbridled's Song,Miss Macy Sue,Trippi,2,2,2,,,1歳時80万ドルで取引されたデビューは3歳9月。1戦使われた3歳秋に2勝目を挙げたアンビット S は2着もウッドワードSを逃げ切り、引退レースのBCダートマイルも逃げ切り有終の美を飾る。25年は複数産駒が北米G1勝ち。日本ではダート中距離向き。
リトンタイクーン,,ノーザンダンサー系,豪州,Iglesia,Party Miss,Kenmare,1,2,2,,,2015/16年豪2歳チャンピオンサイアー で、20/21年同総合チャンピオンサイアー。現役時代G2勝ちのみだったが、種牡馬として大成功。スニッツェルに代わり首位となり、「2歳戦の王」から「3歳・古馬の短距離スター輩出」へと、その地位をさらに確固にしている。豪州での血を伝えるラストタイクーンの孫らしいスピード馬。芝短距離が活躍の場が多く、マイルまでは対応できそう。
リーチザクラウン,注目種牡馬(現役種牡馬 五十音),サンデーサイレンス系,千歳産,スペシャルウィーク,クラウンピース,Seattle Slew,,,,,新潟ダ1800m(3-2-0-14),25年は中央6勝。アーテルアストレアとクラウンプライドが地方交流重賞で活躍した。中央でも狙いはダートで、近5年はベタ買いでも単勝回収率が100%を大きく上回っており、頭で買いたれた。コースは新潟、中京、阪神が勝率、単複回収率ともに高く、マイルは芝ダ苦手。活躍馬にニジンスキーのクロスを持つ馬が多い。
レインボーライン,注目種牡馬(現役種牡馬 五十音),サンデーサイレンス系,安平産,ステイゴールド,レーゲンボーゲン,フレンチデピュティUSA,,,,,新潟ダ1800m(1-1-0-6),25年は中央ダート2勝のみと苦戦したが、地方ではケンシレインボーが東京湾Cを勝って東京盃に出走。中央への移籍に時間を要するタイプだが、中央での狙いは3歳がで。芝ではまだ勝ち鞍がなく、狙いはダート一本。距離は短距離もし長距離もこなすが、コースは京都や新潟など平坦がベスト。内枠より外枠、重馬場より良馬場、母父はND系とミスプロ系。
レガーロ,注目種牡馬(現役種牡馬 五十音),エーピーインディ系,千歳産,Bernardini,サンタテレジタUSA,Lemon Drop Kid,,,,,サンプル数不足,希少な産駒から25年も中央ではアウトレンジが孤軍奮闘。平安Sを勝ち、帝王賞2着、東京大賞典8着とタイトルにあと一歩ところまで上り詰めた。地方ではエムティビキが善戦するも勝ち切れないという状況だが、産駒数のわりには健闘しており今後もダートで注目。26年2歳がラストクロップ。アウトレンジと同じノーザヒルス産の母ベルドールなどに注目。
レッドスパーダ,注目種牡馬(現役種牡馬 五十音),ヘイロー系,門別産,タイキシャトルUSA,バービーキャットUSA,Storm Cat,,,,,小倉芝1200m(3-4-1-10),テイエムスパーダの貴重な後継も26年5歳が最終世代。25年はテイエムスパーダが葵Sを勝つも、芦毛距離で活躍。園田から出戻ったディーエストッキーも1勝クラスで善戦中。近5年の中での勝ち鞍は芝が短距離型のマイルまでなら通用。コースは小倉、新潟、函館などダートでローカルで好成績。重馬場以上はやや苦手、母父はナスルーラ系とSS系が上位な。
レッドファルクス,注目種牡馬(現役種牡馬 五十音),フォーティナイナー系,千歳産,スウェプトオーヴァーボードUSA,ベルモット,サンデーサイレンスUSA,,,,,新潟ダ1200m(6-0-1-17),25年はレッドシュヴェルトが東京芝1400mの3勝クラスを突破、レッドスティンガーが京王杯2歳Sに出走したものの、オープンの壁に跳ね返される。そんなダートで活躍を求める産駒も多く、芝の3倍以上の勝ち鞍を量産。距離は1200m、1800mで強く、いずれも単複回収率が100%を超え。コースは新潟が得意で、京都と小倉が苦手。芝の成績は上記2頭以外小停滞気味。
レッドベルジュール,注目種牡馬(現役種牡馬 五十音),ディープインパクト系,安平産,ディープインパクト,レッドファンタジアUSA,Unbridled's Song,,,,,中京ダ1400m以下(2-1-0-4),25年は初年度産駒のタガノアンファンが京都芝1400mの3歳1勝クラスを突破。地方で活躍する産駒も出たが、中央でのダートの勝ち鞍はなし、馬券の狙いは芝の短距離。特に2頭が勝ち上がった中京コースでは芝の2頭は母父キングマンボ系という共通点も。ダートで好走する馬は母父ノーザンダンサー系が多い。25年から九州に移動。
ロゴタイプ,注目種牡馬(現役種牡馬 五十音),サドラーズウェルス系,千歳産,ローエングリン,ステレオタイプ,サンデーサイレンスUSA,,,,,京都ダ1800m(3-2-1-12),25年は芝4勝、ダート7勝。オメガギネスがリステッドのグリーンチャンネルC、ボッゴロエが共同通信杯と福島民友Cを勝つなどダートでの活躍が目立った。一方芝ではブルーミンデザインが3勝クラスのオリオン賞入り。芝ダート前後の平坦コースが狙いで2000mを超えると成績が落ちる。ダートも同じく平坦コースが得意。
ロジユニヴァース,注目種牡馬(現役種牡馬 五十音),サンデーサイレンス系,早来産,ネオユニヴァース,アコースティクス,Cape Cross,,,,,芝未勝利戦(2-0-3-8),現在中央に在籍しているほとんどの産駒が自身も久米田オーナーの所有馬で、26年3歳世代の2頭も久米田氏所有。いずれも未勝利だが芝のマイルを中心に複勝圏内に好走している。馬券の狙いは芝なら1400m以上で、距離は長い頃がよく、2600mがスイートスポット。ダートで走る産駒も多く特に1600m〜1800mで穴を開ける。
ロージズインメイ,注目種牡馬(現役種牡馬 五十音),ヘイロー系,米国産,Devil His Due,Tell a Secret,Speak John,,,,,函館ダ1000m(4-1-0-3),ビッグレッドファームの産駒の基盤を支えた一頭も26年1歳がラストクロップ。25年はホウオウルーレットが芝1200mを制覇し、ホウオウ馬引退に花を添えた。近年の産駒の活躍はもっぱらダートで短距離から長距離まで多彩でそつなくこなす。コースは函館、新潟が得意で複勝回収率もまずまず。芝の活躍馬にはリフィール、ダート活躍馬にもニジンスキーを持つ馬が多い。
ワールドエース,注目種牡馬(現役種牡馬 五十音),ディープインパクト系,安平産,ディープインパクト,マンデラGER,Acatenango,,,,,横山武騎手(4-6-5-9),25年は芝3勝、ダート3勝。芝はジュンブロッサムがマイラーズCで2着などマイル路線で活躍。ダートで勝ち上がる馬もいるが2〜3勝クラスで頭打ちになることが多い。狙いは芝で、距離はマイル以上。1000mを超える長距離でも積極的に狙い。コースは東京、阪神、中山。調教師は上福、木村、藤沢和=横山武、戸崎などリーディング上位で結果を出す。
ワールドプレミア,注目種牡馬(現役種牡馬 五十音),ディープインパクト系,安平産,ディープインパクト,マンデラGER,Acatenango,,,,,サンプル不足,25年3歳が初年度産駒。その中から唯一中央で勝ち上がったロブチェンがなんと無敗でホープフルSを制覇。まだ中央で走った産駒は数えるほどだが、グランアルトが未勝利でも掲示板内に複勝することがある芝中距離がよさそう。母父は今挙げた2頭がともにストームキャット系。地方含めダートでデビューした馬も何頭かいるが、今のところ結果は出ていない。
ヴェコマ,,ミスタープロスペクター系,米国,Candy Ride,Mona de Momma,Speightstown,2,1,2,,,ケンタッキーダービーの前哨戦ブルーグラスSを先行策から完勝。4歳時2つのG1含む3勝3勝。BCスプリント取消後に引退。初年度産駒だけで早期39頭の2歳勝ち上がりとなりマッキンジーとの激戦を制し2024年北米新種牡馬チャンピオンに。父・ダート兼用の万能タイプで距離は1400m〜1600mを最も得意とするスピード豊かなマイラー。日本でもデビュー3歳(牝馬)全てが勝ち上がりと好成績。
ヴォラタイル,,サドラーズウェルズ系,米国,Violence,Melody Lady,Unbridled's Song,2,1,1,,,3歳7月のデビュー戦は出遅れながら直線で出走経験馬を抜き去り初勝利。以降キャリアを積みながら、重賞初挑戦をAGヴァンダービルトHG1で1勝。24年に産駒がデビュー、北米の新種牡馬ランキングでトップ5に入り、セリ平均価格も40%上昇。ダート短距離に向くが、芝重賞勝ち馬も出し、柔軟性がある。日本ではテオーエルピスが4連勝で重賞挑み。現時点では1200mがベスト。
